# ************ TABLAS_PRACTICAS.SQL
# ************ TABLAS_UT5.SQL
# ************ TABLAS_UNI4.SQL

CREATE DATABASE PRACTICAS CHARACTER SET 'utf8' COLLATE 'utf8_spanish_ci';
USE PRACTICAS;

DROP TABLE IF EXISTS DEPART; 

CREATE TABLE DEPART (
 DEPT_NO  INTEGER(2) PRIMARY KEY,
 DNOMBRE  VARCHAR(14), 
 LOC      VARCHAR(14) ) 
engine=innodb;

INSERT INTO DEPART VALUES (10,'CONTABILIDAD','SEVILLA');
INSERT INTO DEPART VALUES (20,'INVESTIGACIÓON','MADRID');
INSERT INTO DEPART VALUES (30,'VENTAS','BARCELONA');
INSERT INTO DEPART VALUES (40,'PRODUCCIÓN','BILBAO');


DROP TABLE IF EXISTS EMPLE; 

CREATE TABLE EMPLE (
 EMP_NO    INTEGER(4) PRIMARY KEY,
 APELLIDO  VARCHAR(10)  ,
 OFICIO    VARCHAR(10)  ,
 DIR       INTEGER(4) ,
 FECHA_ALT DATE      ,
 SALARIO   INTEGER(10),
 COMISION  INTEGER(10),
 DEPT_NO   INTEGER(2) REFERENCES DEPART(DEPT_NO)) 
engine=innodb;

INSERT INTO EMPLE VALUES (7369,'SÁNCHEZ','EMPLEADO',7902,'1980-12-17',
                        104000,NULL,20);
INSERT INTO EMPLE VALUES (7499,'ARROYO','VENDEDOR',7698,'1980-02-20',
                        208000,39000,30);
INSERT INTO EMPLE VALUES (7521,'SALA','VENDEDOR',7698,'1981-02-22',
                        162500,65000,30);
INSERT INTO EMPLE VALUES (7566,'JIMÉNEZ','DIRECTOR',7839,'1981-04-02',
                        386750,NULL,20);
INSERT INTO EMPLE VALUES (7654,'MARTÍN','VENDEDOR',7698,'1981-09-29',
                        162500,182000,30);
INSERT INTO EMPLE VALUES (7698,'NEGRO','DIRECTOR',7839,'1981-05-01',
                        370500,NULL,30);
INSERT INTO EMPLE VALUES (7782,'CEREZO','DIRECTOR',7839,'1981-06-09',
                        318500,NULL,10);
INSERT INTO EMPLE VALUES (7788,'GIL','ANALISTA',7566,'1981-11-09',
                        390000,NULL,20);
INSERT INTO EMPLE VALUES (7839,'REY','PRESIDENTE',NULL,'1981-11-17',
                        650000,NULL,10);
INSERT INTO EMPLE VALUES (7844,'TOVAR','VENDEDOR',7698,'1981-09-08',
                        195000,0,30);
INSERT INTO EMPLE VALUES (7876,'ALONSO','EMPLEADO',7788,'1981-09-23',
                        143000,NULL,20);
INSERT INTO EMPLE VALUES (7900,'JIMENO','EMPLEADO',7698,'1981-12-03',
                        123500,NULL,30);
INSERT INTO EMPLE VALUES (7902,'FERNÁNDEZ','ANALISTA',7566,'1981-12-03',
                        390000,NULL,20);
INSERT INTO EMPLE VALUES (7934,'MUÑOZ','EMPLEADO',7782,'1982-01-23',
                        169000,NULL,10);



Drop table IF EXISTS NOTAS_ALUMNOS;

create table NOTAS_ALUMNOS
 (
   NOMBRE_ALUMNO VARCHAR(25) PRIMARY KEY ,
   nota1 INTEGER(2),
   nota2 INTEGER(2),
   nota3 INTEGER(2)
 ) engine=innodb;
 
insert into NOTAS_ALUMNOS VALUES ('Alcalde García, M. Luisa',5,5,5);
insert into NOTAS_ALUMNOS VALUES ('Benito Martín, Luis',7,6,8);
insert into NOTAS_ALUMNOS VALUES ('Casas Martínez, Manuel',7,5,5);
insert into NOTAS_ALUMNOS VALUES ('Corregidor Sánchez, Ana',6,9,8);
insert into NOTAS_ALUMNOS VALUES ('Díaz Sánchez, María',NULL,NULL,7);



Drop table IF EXISTS LIBRERIA ;

create table LIBRERIA
 (TEMA CHAR(15) NOT NULL ,
  ESTANTE CHAR(1),
  EJEMPLARES INTEGER(2)
 ) engine=innodb;

INSERT INTO LIBRERIA VALUES ('Informática', 'A',15);
INSERT INTO LIBRERIA VALUES ('Economía',    'A',10);
INSERT INTO LIBRERIA VALUES ('Deportes',    'B',8);
INSERT INTO LIBRERIA VALUES ('Filosofía',   'C',7);
INSERT INTO LIBRERIA VALUES ('Dibujo',      'C',10);
INSERT INTO LIBRERIA VALUES ('Medicina',    'C',16);
INSERT INTO LIBRERIA VALUES ('Biología',    'A',11);
INSERT INTO LIBRERIA VALUES ('Geología',    'D',7);
INSERT INTO LIBRERIA VALUES ('Sociedad',    'D',9);
INSERT INTO LIBRERIA VALUES ('Labores',     'B',20);
INSERT INTO LIBRERIA VALUES ('Jardinería',    'E',6);



DROP TABLE IF EXISTS ALUMNOS;

CREATE TABLE ALUMNOS
(
  DNI VARCHAR(10) PRIMARY KEY,
  APENOM VARCHAR(30),
  DIREC VARCHAR(30),
  POBLA  VARCHAR(15),
  TELEF  VARCHAR(10)  
) engine=innodb;

DROP TABLE IF EXISTS ASIGNATURAS ;

CREATE TABLE ASIGNATURAS
(
  COD INTEGER(2) PRIMARY KEY,
  NOMBRE VARCHAR(25)
) engine=innodb;

DROP TABLE IF EXISTS NOTAS ;

CREATE TABLE NOTAS
(
  DNI VARCHAR(10),
  COD INTEGER(2),
  NOTA INTEGER(2),
  PRIMARY KEY (DNI,COD),
  FOREIGN KEY (DNI) REFERENCES ALUMNOS(DNI),
  FOREIGN KEY (COD) REFERENCES ASIGNATURAS(COD)
) engine=innodb;

INSERT INTO ASIGNATURAS VALUES (1,'Prog. Leng. Estr.');
INSERT INTO ASIGNATURAS VALUES (2,'Sist. Informáticos');
INSERT INTO ASIGNATURAS VALUES (3,'Análisis');
INSERT INTO ASIGNATURAS VALUES (4,'FOL');
INSERT INTO ASIGNATURAS VALUES (5,'RET');
INSERT INTO ASIGNATURAS VALUES (6,'Entornos Gráficos');
INSERT INTO ASIGNATURAS VALUES (7,'Aplic. Entornos 4ªGen');

INSERT INTO ALUMNOS VALUES
('12344345','Alcalde García, Elena', 'C/Las Matas, 24','Madrid','917766545');

INSERT INTO ALUMNOS VALUES
('4448242','Cerrato Vela, Luis', 'C/Mina 28 - 3A', 'Madrid','916566545');

INSERT INTO ALUMNOS VALUES
('56882942','Díaz Fernández, María', 'C/Luis Vives 25', 'Móstoles','915577545');

INSERT INTO NOTAS VALUES('12344345', 1,6);
INSERT INTO NOTAS VALUES('12344345', 2,5);
INSERT INTO NOTAS VALUES('12344345', 3,6);

INSERT INTO NOTAS VALUES('4448242', 4,6);
INSERT INTO NOTAS VALUES('4448242', 5,8);
INSERT INTO NOTAS VALUES('4448242', 6,4);
INSERT INTO NOTAS VALUES('4448242', 7,5);

INSERT INTO NOTAS VALUES('56882942', 4,8);
INSERT INTO NOTAS VALUES('56882942', 5,7);
INSERT INTO NOTAS VALUES('56882942', 6,8);
INSERT INTO NOTAS VALUES('56882942', 7,9);

# ************ TABLAS PARALEER Y LEIDOS **************

# DROP TABLE PARALEER; 

CREATE  TABLE  PARALEER
(
  COD_LIBRO  INTEGER(3),
  NOMBRE_LIBRO VARCHAR(40)
)ENGINE=INNODB;

# DROP TABLE LEIDOS; 

CREATE  TABLE  LEIDOS
(
  COD_LIBRO  INTEGER(3),
  FECHA  DATE
)ENGINE=INNODB;

INSERT INTO PARALEER values(100,'Cien Años de Soledad');
INSERT INTO PARALEER values (200,'Los Mitos Griegos');
INSERT INTO PARALEER values (300,'El Camino');

INSERT INTO LEIDOS values(300, '1999-02-20');
INSERT INTO LEIDOS values(200, '1999-04-11');



# ************ TABLA ALUM, NUEVOS, ANTIGUOS ************

# DROP TABLE ALUM;
# DROP TABLE NUEVOS;
# DROP TABLE ANTIGUOS;

Create TABLE ALUM
(
  NOMBRE VARCHAR(20),
  EDAD INTEGER(2),
  LOCALIDAD VARCHAR(15)
)ENGINE=INNODB;

Create TABLE  NUEVOS
(
  NOMBRE  VARCHAR(20),
  EDAD INTEGER(2),
  LOCALIDAD VARCHAR(15)
)ENGINE=INNODB;

Create TABLE ANTIGUOS
(
  NOMBRE  VARCHAR(20),
  EDAD INTEGER(2),
  LOCALIDAD VARCHAR(15)
)ENGINE=INNODB;

INSERT INTO ALUM VALUES('JUAN',18,'COSLADA');
INSERT INTO ALUM VALUES('PEDRO',19,'COSLADA');
INSERT INTO ALUM VALUES('ANA',17,'ALCALA');
INSERT INTO ALUM VALUES('LUISA',18,'TORREJÓN');
INSERT INTO ALUM VALUES('MARÍA',20,'MADRID');
INSERT INTO ALUM VALUES('ERNESTO',21,'MADRID');
INSERT INTO ALUM VALUES('RAQUEL',19,'TOLEDO');

INSERT INTO NUEVOS VALUES('JUAN',18,'COSLADA');
INSERT INTO NUEVOS VALUES('MAITE',15,'ALCALA');
INSERT INTO NUEVOS VALUES('SOFÍA',14,'ALCALA');
INSERT INTO NUEVOS VALUES('ANA',17,'ALCALA');
INSERT INTO NUEVOS VALUES('ERNESTO',21,'MADRID');

INSERT INTO ANTIGUOS VALUES('MARÍA',20,'MADRID');
INSERT INTO ANTIGUOS VALUES('ERNESTO',21,'MADRID');
INSERT INTO ANTIGUOS VALUES('ANDRÉS',26,'LAS ROZAS');
INSERT INTO ANTIGUOS VALUES('IRENE',24,'LAS ROZAS');


# ************ TABLA PERSONAL, PROFESORES, CENTROS ***********

# DROP TABLE PERSONAL; 

CREATE TABLE PERSONAL (
 COD_CENTRO   INTEGER(4) NOT NULL,
 DNI INTEGER(10),
 APELLIDOS VARCHAR(30),
 FUNCION VARCHAR(15),
 SALARIO INTEGER (10) 
)ENGINE=INNODB;

INSERT INTO PERSONAL VALUES (10,1112345,'Martínez Salas, Fernando',
'PROFESOR', 220000);
INSERT INTO PERSONAL VALUES (10,4123005,'Bueno Zarco, Elisa', 
'PROFESOR', 220000);
INSERT INTO PERSONAL VALUES (10,4122025,'Montes García, M.Pilar', 
'PROFESOR', 220000);

INSERT INTO PERSONAL VALUES (15,1112345,'Rivera Silvestre, Ana',
'PROFESOR', 205000);
INSERT INTO PERSONAL VALUES (15,9800990, 'Ramos Ruiz, Luis',
'PROFESOR', 205000);
INSERT INTO PERSONAL VALUES (15,8660990, 'De Lucas Fdez, M.Angel',
'PROFESOR', 205000);

INSERT INTO PERSONAL VALUES (22,7650000, 'Ruiz Lafuente, Manuel',
'PROFESOR', 220000);
INSERT INTO PERSONAL VALUES (45,43526789, 'Serrano Laguía, María',
'PROFESOR', 205000);


INSERT INTO PERSONAL VALUES (10,4480099,'Ruano Cerezo, Manuel',
'ADMINISTRATIVO', 180000);
INSERT INTO PERSONAL VALUES (15,1002345,'Albarrán Serrano, Alicia',
'ADMINISTRATIVO', 180000);
INSERT INTO PERSONAL VALUES (15,7002660,'Muñoz Rey, Felicia',
'ADMINISTRATIVO', 180000);
INSERT INTO PERSONAL VALUES (22,5502678,'Marín Marín, Pedro',
'ADMINISTRATIVO', 180000);
INSERT INTO PERSONAL VALUES (22,6600980, 'Peinado Gil, Elena',
'CONSERJE', 175000);
INSERT INTO PERSONAL VALUES (45,4163222, 'Sarro Molina, Carmen',
'CONSERJE', 175000);


DROP TABLE PROFESORES; 

CREATE TABLE PROFESORES (
 COD_CENTRO   INTEGER(4) NOT NULL,
 DNI          INTEGER(10),
 APELLIDOS VARCHAR(30),
 ESPECIALIDAD VARCHAR(16) 
)ENGINE=INNODB;


INSERT INTO PROFESORES VALUES (10,1112345,'Martínez Salas, Fernando',
'INFORMÁTICA');
INSERT INTO PROFESORES VALUES (10,4123005,'Bueno Zarco, Elisa', 
'MATEMÁTICAS');
INSERT INTO PROFESORES VALUES (10,4122025,'Montes García, M.Pilar', 
'MATEMÁTICAS');

INSERT INTO PROFESORES VALUES (15,9800990, 'Ramos Ruiz, Luis',
	'LENGUA');
INSERT INTO PROFESORES VALUES (15,1112345,'Rivera Silvestre, Ana',
	'DIBUJO');
INSERT INTO PROFESORES VALUES (15,8660990, 'De Lucas Fdez, M.Angel',
'LENGUA');

INSERT INTO PROFESORES VALUES (22,7650000, 'Ruiz Lafuente, Manuel',
'MATEMÁTICAS');
INSERT INTO PROFESORES VALUES (45,43526789, 'Serrano Laguía, María',
'INFORMÁTICA');

# DROP TABLE CENTROS; 

CREATE TABLE CENTROS (
 COD_CENTRO   INTEGER(4) NOT NULL,
 TIPO_CENTRO  CHAR(1),
 NOMBRE VARCHAR(30),
 DIRECCION VARCHAR(26),
 TELEFONO VARCHAR(10),
 NUM_PLAZAS INTEGER(4)
 )ENGINE=INNODB;


INSERT INTO CENTROS VALUES (10,'S','IES El Quijote', 
'Avda. Los Molinos 25', '965-887654',538);
INSERT INTO CENTROS VALUES (15,'P','CP Los Danzantes', 'C/Las Musas s/n',
'985-112322',250);
INSERT INTO CENTROS VALUES (22,'S', 'IES Planeta Tierra', 'C/Mina 45',
'925-443400',300);
INSERT INTO CENTROS VALUES (45,'P', 'CP Manuel Hidalgo', 'C/Granada 5',
'926-202310',220);
INSERT INTO CENTROS VALUES (50,'S', 'IES Antoñete', 'C/Los Toreros 21',
'989-406090',310);



# REM ************ FIN ****************








